pdb_name,energy
0_(ef2,ef3)_(WP_244536190-1,MBV9520790-1).pdb,885.2240239519599
1_(ef2,ef3)_(WP_244536190-1,WP_048445733-1).pdb,537.070430674192
2_(ef2,ef3)_(WP_244536190-1,WP_147081983-1).pdb,355.84139570961844
3_(ef2,ef3)_(WP_244536190-1,WP_091858554-1).pdb,362.7487151836059
4_(ef2,ef3)_(WP_244536190-1,WP_147080767-1).pdb,305.82488332367666
5_(ef2,ef3)_(WP_244536190-1,MBV9756546-1).pdb,1253.2569100787287
6_(ef2,ef3)_(WP_244536190-1,WP_012453714-1).pdb,504.9562414065003
7_(ef2,ef3)_(WP_244536190-1,MBV8427531-1).pdb,339.95344726289056
8_(ef2,ef3)_(WP_244536190-1,WP_003601797-1).pdb,504.9562414065003
9_(ef2,ef3)_(WP_244536190-1,WP_026016174-1).pdb,430.71493821897116
10_(ef2,ef3)_(WP_244536190-1,WP_074826049-1).pdb,244.67220414176788
11_(ef2,ef3)_(WP_244536190-1,MCJ2031403-1).pdb,504.9562414065003
12_(ef2,ef3)_(WP_244536190-1,WP_238256066-1).pdb,504.9562414065003
13_(ef2,ef3)_(WP_244536190-1,WP_231346494-1).pdb,504.9562414065003
14_(ef2,ef3)_(WP_244536190-1,OLB71496-1).pdb,161.02614738850338
15_(ef2,ef3)_(TMJ90498-1,MBV9520790-1).pdb,195.8809815635086
16_(ef2,ef3)_(TMJ90498-1,WP_048445733-1).pdb,168.32779900249906
17_(ef2,ef3)_(TMJ90498-1,WP_147081983-1).pdb,965.189757152702
18_(ef2,ef3)_(TMJ90498-1,WP_091858554-1).pdb,909.6984573947278
19_(ef2,ef3)_(TMJ90498-1,WP_147080767-1).pdb,964.2870225625375
20_(ef2,ef3)_(TMJ90498-1,MBV9756546-1).pdb,841.0397450105934
21_(ef2,ef3)_(TMJ90498-1,WP_012453714-1).pdb,988.772315965881
22_(ef2,ef3)_(TMJ90498-1,MBV8427531-1).pdb,808.2850397268161
23_(ef2,ef3)_(TMJ90498-1,WP_003601797-1).pdb,988.772315965881
24_(ef2,ef3)_(TMJ90498-1,WP_026016174-1).pdb,740.3495097807001
25_(ef2,ef3)_(TMJ90498-1,WP_074826049-1).pdb,37.964880736174244
26_(ef2,ef3)_(TMJ90498-1,MCJ2031403-1).pdb,988.772315965881
27_(ef2,ef3)_(TMJ90498-1,WP_238256066-1).pdb,988.772315965881
28_(ef2,ef3)_(TMJ90498-1,WP_231346494-1).pdb,988.772315965881
29_(ef2,ef3)_(TMJ90498-1,OLB71496-1).pdb,505.44667618906425
30_(ef2,ef3)_(WP_020174296-1,MBV9520790-1).pdb,898.0061990240977
31_(ef2,ef3)_(WP_020174296-1,WP_048445733-1).pdb,654.2633613589701
32_(ef2,ef3)_(WP_020174296-1,WP_147081983-1).pdb,347.6548577136043
33_(ef2,ef3)_(WP_020174296-1,WP_091858554-1).pdb,518.2708217153304
34_(ef2,ef3)_(WP_020174296-1,WP_147080767-1).pdb,537.3019434767565
35_(ef2,ef3)_(WP_020174296-1,MBV9756546-1).pdb,476.0963642862608
36_(ef2,ef3)_(WP_020174296-1,WP_012453714-1).pdb,448.80547913861943
37_(ef2,ef3)_(WP_020174296-1,MBV8427531-1).pdb,340.07090834604054
38_(ef2,ef3)_(WP_020174296-1,WP_003601797-1).pdb,448.80547913861943
39_(ef2,ef3)_(WP_020174296-1,WP_026016174-1).pdb,327.83039727770466
40_(ef2,ef3)_(WP_020174296-1,WP_074826049-1).pdb,593.2054259489729
41_(ef2,ef3)_(WP_020174296-1,MCJ2031403-1).pdb,448.80547913861943
42_(ef2,ef3)_(WP_020174296-1,WP_238256066-1).pdb,448.80547913861943
43_(ef2,ef3)_(WP_020174296-1,WP_231346494-1).pdb,448.80547913861943
44_(ef2,ef3)_(WP_020174296-1,OLB71496-1).pdb,96.11264431135118
45_(ef2,ef3)_(WP_099908472-1,MBV9520790-1).pdb,184.138754320144
46_(ef2,ef3)_(WP_099908472-1,WP_048445733-1).pdb,674.1944466474222
47_(ef2,ef3)_(WP_099908472-1,WP_147081983-1).pdb,124.00978039652486
48_(ef2,ef3)_(WP_099908472-1,WP_091858554-1).pdb,181.870998118979
49_(ef2,ef3)_(WP_099908472-1,WP_147080767-1).pdb,240.58834836979867
50_(ef2,ef3)_(WP_099908472-1,MBV9756546-1).pdb,830.6354959082718
51_(ef2,ef3)_(WP_099908472-1,WP_012453714-1).pdb,149.6912290366986
52_(ef2,ef3)_(WP_099908472-1,MBV8427531-1).pdb,401.6425638936101
53_(ef2,ef3)_(WP_099908472-1,WP_003601797-1).pdb,149.6912290366986
54_(ef2,ef3)_(WP_099908472-1,WP_026016174-1).pdb,77.43882909223153
55_(ef2,ef3)_(WP_099908472-1,WP_074826049-1).pdb,218.4626343043522
56_(ef2,ef3)_(WP_099908472-1,MCJ2031403-1).pdb,149.6912290366986
57_(ef2,ef3)_(WP_099908472-1,WP_238256066-1).pdb,149.6912290366986
58_(ef2,ef3)_(WP_099908472-1,WP_231346494-1).pdb,149.6912290366986
59_(ef2,ef3)_(WP_099908472-1,OLB71496-1).pdb,40.707436887334644
60_(ef2,ef3)_(WP_184513836-1,MBV9520790-1).pdb,180.84907657832974
61_(ef2,ef3)_(WP_184513836-1,WP_048445733-1).pdb,310.6751055035953
62_(ef2,ef3)_(WP_184513836-1,WP_147081983-1).pdb,77.9075287629594
63_(ef2,ef3)_(WP_184513836-1,WP_091858554-1).pdb,304.00429661445247
64_(ef2,ef3)_(WP_184513836-1,WP_147080767-1).pdb,277.4962943177546
65_(ef2,ef3)_(WP_184513836-1,MBV9756546-1).pdb,500.0750264906871
66_(ef2,ef3)_(WP_184513836-1,WP_012453714-1).pdb,69.52509953635322
67_(ef2,ef3)_(WP_184513836-1,MBV8427531-1).pdb,937.5280674963805
68_(ef2,ef3)_(WP_184513836-1,WP_003601797-1).pdb,69.52509953635322
69_(ef2,ef3)_(WP_184513836-1,WP_026016174-1).pdb,410.33599996939734
70_(ef2,ef3)_(WP_184513836-1,WP_074826049-1).pdb,226.84189085029323
71_(ef2,ef3)_(WP_184513836-1,MCJ2031403-1).pdb,69.52509953635322
72_(ef2,ef3)_(WP_184513836-1,WP_238256066-1).pdb,69.52509953635322
73_(ef2,ef3)_(WP_184513836-1,WP_231346494-1).pdb,69.52509953635322
74_(ef2,ef3)_(WP_184513836-1,OLB71496-1).pdb,40.144468217032355
75_(ef2,ef3)_(WP_183506314-1,MBV9520790-1).pdb,394.0083340214982
76_(ef2,ef3)_(WP_183506314-1,WP_048445733-1).pdb,203.8814605780108
77_(ef2,ef3)_(WP_183506314-1,WP_147081983-1).pdb,456.33099154759384
78_(ef2,ef3)_(WP_183506314-1,WP_091858554-1).pdb,150.94398991218583
79_(ef2,ef3)_(WP_183506314-1,WP_147080767-1).pdb,215.02664788412193
80_(ef2,ef3)_(WP_183506314-1,MBV9756546-1).pdb,364.71562665170643
81_(ef2,ef3)_(WP_183506314-1,WP_012453714-1).pdb,406.1876351838731
82_(ef2,ef3)_(WP_183506314-1,MBV8427531-1).pdb,126.05061913422888
83_(ef2,ef3)_(WP_183506314-1,WP_003601797-1).pdb,406.1876351838731
84_(ef2,ef3)_(WP_183506314-1,WP_026016174-1).pdb,111.77184429056321
85_(ef2,ef3)_(WP_183506314-1,WP_074826049-1).pdb,39.52111613110693
86_(ef2,ef3)_(WP_183506314-1,MCJ2031403-1).pdb,406.1876351838731
87_(ef2,ef3)_(WP_183506314-1,WP_238256066-1).pdb,406.1876351838731
88_(ef2,ef3)_(WP_183506314-1,WP_231346494-1).pdb,406.1876351838731
89_(ef2,ef3)_(WP_183506314-1,OLB71496-1).pdb,154.28754402417047
90_(ef2,ef3)_(WP_092036464-1,MBV9520790-1).pdb,306.39767526131635
91_(ef2,ef3)_(WP_092036464-1,WP_048445733-1).pdb,631.8330530089111
92_(ef2,ef3)_(WP_092036464-1,WP_147081983-1).pdb,401.7143458894341
93_(ef2,ef3)_(WP_092036464-1,WP_091858554-1).pdb,279.19407433502477
94_(ef2,ef3)_(WP_092036464-1,WP_147080767-1).pdb,165.28822367491736
95_(ef2,ef3)_(WP_092036464-1,MBV9756546-1).pdb,647.335569551381
96_(ef2,ef3)_(WP_092036464-1,WP_012453714-1).pdb,645.8878247459315
97_(ef2,ef3)_(WP_092036464-1,MBV8427531-1).pdb,241.57980136601503
98_(ef2,ef3)_(WP_092036464-1,WP_003601797-1).pdb,645.8878247459315
99_(ef2,ef3)_(WP_092036464-1,WP_026016174-1).pdb,607.9251998405048
100_(ef2,ef3)_(WP_092036464-1,WP_074826049-1).pdb,447.5118722171812
101_(ef2,ef3)_(WP_092036464-1,MCJ2031403-1).pdb,645.8878247459315
102_(ef2,ef3)_(WP_092036464-1,WP_238256066-1).pdb,645.8878247459315
103_(ef2,ef3)_(WP_092036464-1,WP_231346494-1).pdb,645.8878247459315
104_(ef2,ef3)_(WP_092036464-1,OLB71496-1).pdb,126.71450417809271
105_(ef2,ef3)_(MBN9042672-1,MBV9520790-1).pdb,402.3939610167743
106_(ef2,ef3)_(MBN9042672-1,WP_048445733-1).pdb,221.2127595094407
107_(ef2,ef3)_(MBN9042672-1,WP_147081983-1).pdb,121.46616538551382
108_(ef2,ef3)_(MBN9042672-1,WP_091858554-1).pdb,222.02140113471432
109_(ef2,ef3)_(MBN9042672-1,WP_147080767-1).pdb,390.8549764067036
110_(ef2,ef3)_(MBN9042672-1,MBV9756546-1).pdb,503.6808970291161
111_(ef2,ef3)_(MBN9042672-1,WP_012453714-1).pdb,156.6782653108121
112_(ef2,ef3)_(MBN9042672-1,MBV8427531-1).pdb,155.6327609166589
113_(ef2,ef3)_(MBN9042672-1,WP_003601797-1).pdb,156.6782653108121
114_(ef2,ef3)_(MBN9042672-1,WP_026016174-1).pdb,380.2379605508495
115_(ef2,ef3)_(MBN9042672-1,WP_074826049-1).pdb,307.08250255067475
116_(ef2,ef3)_(MBN9042672-1,MCJ2031403-1).pdb,156.6782653108121
117_(ef2,ef3)_(MBN9042672-1,WP_238256066-1).pdb,156.6782653108121
118_(ef2,ef3)_(MBN9042672-1,WP_231346494-1).pdb,156.6782653108121
119_(ef2,ef3)_(MBN9042672-1,OLB71496-1).pdb,78.10061776910987
120_(ef2,ef3)_(NJM54704-1,MBV9520790-1).pdb,327.76727657652884
121_(ef2,ef3)_(NJM54704-1,WP_048445733-1).pdb,310.8475798158467
122_(ef2,ef3)_(NJM54704-1,WP_147081983-1).pdb,271.67468474696557
123_(ef2,ef3)_(NJM54704-1,WP_091858554-1).pdb,562.8861971345698
124_(ef2,ef3)_(NJM54704-1,WP_147080767-1).pdb,237.4621088398307
125_(ef2,ef3)_(NJM54704-1,MBV9756546-1).pdb,646.8399621979746
126_(ef2,ef3)_(NJM54704-1,WP_012453714-1).pdb,332.0191284233838
127_(ef2,ef3)_(NJM54704-1,MBV8427531-1).pdb,147.40923446259734
128_(ef2,ef3)_(NJM54704-1,WP_003601797-1).pdb,332.0191284233838
129_(ef2,ef3)_(NJM54704-1,WP_026016174-1).pdb,132.3841531116033
130_(ef2,ef3)_(NJM54704-1,WP_074826049-1).pdb,483.9638550043388
131_(ef2,ef3)_(NJM54704-1,MCJ2031403-1).pdb,335.5855160420574
132_(ef2,ef3)_(NJM54704-1,WP_238256066-1).pdb,335.5855160420574
133_(ef2,ef3)_(NJM54704-1,WP_231346494-1).pdb,335.5855160420574
134_(ef2,ef3)_(NJM54704-1,OLB71496-1).pdb,75.71226966219162
135_(ef2,ef3)_(WP_024519214-1,MBV9520790-1).pdb,394.18826597802615
136_(ef2,ef3)_(WP_024519214-1,WP_048445733-1).pdb,261.90825068730385
137_(ef2,ef3)_(WP_024519214-1,WP_147081983-1).pdb,176.76272764855705
138_(ef2,ef3)_(WP_024519214-1,WP_091858554-1).pdb,552.0640237853638
139_(ef2,ef3)_(WP_024519214-1,WP_147080767-1).pdb,428.54816186797785
140_(ef2,ef3)_(WP_024519214-1,MBV9756546-1).pdb,438.4802186187301
141_(ef2,ef3)_(WP_024519214-1,WP_012453714-1).pdb,149.24972651809668
142_(ef2,ef3)_(WP_024519214-1,MBV8427531-1).pdb,103.83743156434984
143_(ef2,ef3)_(WP_024519214-1,WP_003601797-1).pdb,149.24972651809668
144_(ef2,ef3)_(WP_024519214-1,WP_026016174-1).pdb,384.7401487671163
145_(ef2,ef3)_(WP_024519214-1,WP_074826049-1).pdb,285.5082121107238
146_(ef2,ef3)_(WP_024519214-1,MCJ2031403-1).pdb,149.24972651809668
147_(ef2,ef3)_(WP_024519214-1,WP_238256066-1).pdb,149.24972651809668
148_(ef2,ef3)_(WP_024519214-1,WP_231346494-1).pdb,149.24972651809668
149_(ef2,ef3)_(WP_024519214-1,OLB71496-1).pdb,148.61722571581234
150_(ef2,ef3)_(WP_209296140-1,MBV9520790-1).pdb,130.5495106804915
151_(ef2,ef3)_(WP_209296140-1,WP_048445733-1).pdb,337.0954208615794
152_(ef2,ef3)_(WP_209296140-1,WP_147081983-1).pdb,238.2845998859652
153_(ef2,ef3)_(WP_209296140-1,WP_091858554-1).pdb,328.45347212324305
154_(ef2,ef3)_(WP_209296140-1,WP_147080767-1).pdb,499.06377294848977
155_(ef2,ef3)_(WP_209296140-1,MBV9756546-1).pdb,592.6031595776872
156_(ef2,ef3)_(WP_209296140-1,WP_012453714-1).pdb,125.41426742367446
157_(ef2,ef3)_(WP_209296140-1,MBV8427531-1).pdb,1058.720537359121
158_(ef2,ef3)_(WP_209296140-1,WP_003601797-1).pdb,125.41426742367446
159_(ef2,ef3)_(WP_209296140-1,WP_026016174-1).pdb,325.1562266317858
160_(ef2,ef3)_(WP_209296140-1,WP_074826049-1).pdb,320.6815490957089
161_(ef2,ef3)_(WP_209296140-1,MCJ2031403-1).pdb,125.41426742367446
162_(ef2,ef3)_(WP_209296140-1,WP_238256066-1).pdb,125.41426742367446
163_(ef2,ef3)_(WP_209296140-1,WP_231346494-1).pdb,125.41426742367446
164_(ef2,ef3)_(WP_209296140-1,OLB71496-1).pdb,264.70869050669654
165_(ef2,ef3)_(WP_122402182-1,MBV9520790-1).pdb,130.35429910346562
166_(ef2,ef3)_(WP_122402182-1,WP_048445733-1).pdb,343.90546681749765
167_(ef2,ef3)_(WP_122402182-1,WP_147081983-1).pdb,239.56682396857542
168_(ef2,ef3)_(WP_122402182-1,WP_091858554-1).pdb,306.14812513516404
169_(ef2,ef3)_(WP_122402182-1,WP_147080767-1).pdb,499.94875108485945
170_(ef2,ef3)_(WP_122402182-1,MBV9756546-1).pdb,592.6031595776872
171_(ef2,ef3)_(WP_122402182-1,WP_012453714-1).pdb,129.46524053685852
172_(ef2,ef3)_(WP_122402182-1,MBV8427531-1).pdb,1058.720537359121
173_(ef2,ef3)_(WP_122402182-1,WP_003601797-1).pdb,129.46524053685852
174_(ef2,ef3)_(WP_122402182-1,WP_026016174-1).pdb,321.8561258276621
175_(ef2,ef3)_(WP_122402182-1,WP_074826049-1).pdb,320.85574468393935
176_(ef2,ef3)_(WP_122402182-1,MCJ2031403-1).pdb,129.46524053685852
177_(ef2,ef3)_(WP_122402182-1,WP_238256066-1).pdb,129.46524053685852
178_(ef2,ef3)_(WP_122402182-1,WP_231346494-1).pdb,129.46524053685852
179_(ef2,ef3)_(WP_122402182-1,OLB71496-1).pdb,262.01733243699135
180_(ef2,ef3)_(WP_238286702-1,MBV9520790-1).pdb,261.6605499296836
181_(ef2,ef3)_(WP_238286702-1,WP_048445733-1).pdb,391.8893016618088
182_(ef2,ef3)_(WP_238286702-1,WP_147081983-1).pdb,437.20417390848706
183_(ef2,ef3)_(WP_238286702-1,WP_091858554-1).pdb,467.262337433265
184_(ef2,ef3)_(WP_238286702-1,WP_147080767-1).pdb,532.1723747220055
185_(ef2,ef3)_(WP_238286702-1,MBV9756546-1).pdb,451.4294287801556
186_(ef2,ef3)_(WP_238286702-1,WP_012453714-1).pdb,317.3816691940459
187_(ef2,ef3)_(WP_238286702-1,MBV8427531-1).pdb,197.9827428574631
188_(ef2,ef3)_(WP_238286702-1,WP_003601797-1).pdb,317.3816691940459
189_(ef2,ef3)_(WP_238286702-1,WP_026016174-1).pdb,318.8169266415807
190_(ef2,ef3)_(WP_238286702-1,WP_074826049-1).pdb,416.7347355440504
191_(ef2,ef3)_(WP_238286702-1,MCJ2031403-1).pdb,317.3816691940459
192_(ef2,ef3)_(WP_238286702-1,WP_238256066-1).pdb,317.3816691940459
193_(ef2,ef3)_(WP_238286702-1,WP_231346494-1).pdb,317.3816691940459
194_(ef2,ef3)_(WP_238286702-1,OLB71496-1).pdb,139.53555556651037
195_(ef2,ef3)_(WP_233385613-1,MBV9520790-1).pdb,464.0683191861175
196_(ef2,ef3)_(WP_233385613-1,WP_048445733-1).pdb,231.39649648478093
197_(ef2,ef3)_(WP_233385613-1,WP_147081983-1).pdb,355.84094846682297
198_(ef2,ef3)_(WP_233385613-1,WP_091858554-1).pdb,245.7464078461117
199_(ef2,ef3)_(WP_233385613-1,WP_147080767-1).pdb,310.79496740972667
200_(ef2,ef3)_(WP_233385613-1,MBV9756546-1).pdb,873.3847500958822
201_(ef2,ef3)_(WP_233385613-1,WP_012453714-1).pdb,314.58831390783035
202_(ef2,ef3)_(WP_233385613-1,MBV8427531-1).pdb,63.55125325305217
203_(ef2,ef3)_(WP_233385613-1,WP_003601797-1).pdb,314.58831390783035
204_(ef2,ef3)_(WP_233385613-1,WP_026016174-1).pdb,522.1087533311351
205_(ef2,ef3)_(WP_233385613-1,WP_074826049-1).pdb,44.48046763129918
206_(ef2,ef3)_(WP_233385613-1,MCJ2031403-1).pdb,314.58831390783035
207_(ef2,ef3)_(WP_233385613-1,WP_238256066-1).pdb,314.58831390783035
208_(ef2,ef3)_(WP_233385613-1,WP_231346494-1).pdb,314.58831390783035
209_(ef2,ef3)_(WP_233385613-1,OLB71496-1).pdb,84.20667482659277
210_(ef2,ef3)_(WP_026190475-1,MBV9520790-1).pdb,755.7004513402043
211_(ef2,ef3)_(WP_026190475-1,WP_048445733-1).pdb,768.5819786950311
212_(ef2,ef3)_(WP_026190475-1,WP_147081983-1).pdb,359.83912115446003
213_(ef2,ef3)_(WP_026190475-1,WP_091858554-1).pdb,693.4020913089183
214_(ef2,ef3)_(WP_026190475-1,WP_147080767-1).pdb,634.8113643998356
215_(ef2,ef3)_(WP_026190475-1,MBV9756546-1).pdb,1114.267464113487
216_(ef2,ef3)_(WP_026190475-1,WP_012453714-1).pdb,741.3380344545405
217_(ef2,ef3)_(WP_026190475-1,MBV8427531-1).pdb,390.16495421628167
218_(ef2,ef3)_(WP_026190475-1,WP_003601797-1).pdb,741.3380344545405
219_(ef2,ef3)_(WP_026190475-1,WP_026016174-1).pdb,477.24709423256684
220_(ef2,ef3)_(WP_026190475-1,WP_074826049-1).pdb,425.5186794279082
221_(ef2,ef3)_(WP_026190475-1,MCJ2031403-1).pdb,769.6558731368806
222_(ef2,ef3)_(WP_026190475-1,WP_238256066-1).pdb,769.6558731368806
223_(ef2,ef3)_(WP_026190475-1,WP_231346494-1).pdb,769.6558731368806
224_(ef2,ef3)_(WP_026190475-1,OLB71496-1).pdb,445.8934465961919
225_(ef1,ef2)_(RTL87341-1,WP_244536190-1).pdb,79.94450030313028
226_(ef1,ef2)_(RTL87341-1,TMJ90498-1).pdb,86.69842320897527
227_(ef1,ef2)_(RTL87341-1,WP_020174296-1).pdb,72.64756759513251
228_(ef1,ef2)_(RTL87341-1,WP_099908472-1).pdb,95.82630822786756
229_(ef1,ef2)_(RTL87341-1,WP_184513836-1).pdb,76.05570463387517
230_(ef1,ef2)_(RTL87341-1,WP_183506314-1).pdb,100.425243456321
231_(ef1,ef2)_(RTL87341-1,WP_092036464-1).pdb,88.22867935917532
232_(ef1,ef2)_(RTL87341-1,MBN9042672-1).pdb,68.05352114141762
233_(ef1,ef2)_(RTL87341-1,NJM54704-1).pdb,61.40221111507274
234_(ef1,ef2)_(RTL87341-1,WP_024519214-1).pdb,91.85287964507039
235_(ef1,ef2)_(RTL87341-1,WP_209296140-1).pdb,94.72900761812667
236_(ef1,ef2)_(RTL87341-1,WP_122402182-1).pdb,94.72900761812667
237_(ef1,ef2)_(RTL87341-1,WP_238286702-1).pdb,88.65224821371154
238_(ef1,ef2)_(RTL87341-1,WP_233385613-1).pdb,109.55606052830775
239_(ef1,ef2)_(RTL87341-1,WP_026190475-1).pdb,179.0531746355935
240_(ef1,ef2)_(MBI1981207-1,WP_244536190-1).pdb,-9.004575130557496
241_(ef1,ef2)_(MBI1981207-1,TMJ90498-1).pdb,8.125118571391809
242_(ef1,ef2)_(MBI1981207-1,WP_020174296-1).pdb,-24.406695658316494
243_(ef1,ef2)_(MBI1981207-1,WP_099908472-1).pdb,4.150755171367445
244_(ef1,ef2)_(MBI1981207-1,WP_184513836-1).pdb,-12.292033030000626
245_(ef1,ef2)_(MBI1981207-1,WP_183506314-1).pdb,-8.956209904262009
246_(ef1,ef2)_(MBI1981207-1,WP_092036464-1).pdb,20.64813146620303
247_(ef1,ef2)_(MBI1981207-1,MBN9042672-1).pdb,-3.7813439861510663
248_(ef1,ef2)_(MBI1981207-1,NJM54704-1).pdb,-2.627823639057235
249_(ef1,ef2)_(MBI1981207-1,WP_024519214-1).pdb,25.211610706545756
250_(ef1,ef2)_(MBI1981207-1,WP_209296140-1).pdb,-11.083862982087686
251_(ef1,ef2)_(MBI1981207-1,WP_122402182-1).pdb,-11.083862982087686
252_(ef1,ef2)_(MBI1981207-1,WP_238286702-1).pdb,23.574230956449018
253_(ef1,ef2)_(MBI1981207-1,WP_233385613-1).pdb,-3.9035827166449923
254_(ef1,ef2)_(MBI1981207-1,WP_026190475-1).pdb,10.625311645955309
255_(ef1,ef2)_(MBE7203409-1,WP_244536190-1).pdb,109.18328916819986
256_(ef1,ef2)_(MBE7203409-1,TMJ90498-1).pdb,116.23074868051827
257_(ef1,ef2)_(MBE7203409-1,WP_020174296-1).pdb,33.607639231549385
258_(ef1,ef2)_(MBE7203409-1,WP_099908472-1).pdb,88.49274356927008
259_(ef1,ef2)_(MBE7203409-1,WP_184513836-1).pdb,51.68548199812297
260_(ef1,ef2)_(MBE7203409-1,WP_183506314-1).pdb,60.149946777931724
261_(ef1,ef2)_(MBE7203409-1,WP_092036464-1).pdb,105.73697498487378
262_(ef1,ef2)_(MBE7203409-1,MBN9042672-1).pdb,91.34305418967188
263_(ef1,ef2)_(MBE7203409-1,NJM54704-1).pdb,79.31911396784058
264_(ef1,ef2)_(MBE7203409-1,WP_024519214-1).pdb,58.99995841463028
265_(ef1,ef2)_(MBE7203409-1,WP_209296140-1).pdb,106.8588941246293
266_(ef1,ef2)_(MBE7203409-1,WP_122402182-1).pdb,106.8588941246293
267_(ef1,ef2)_(MBE7203409-1,WP_238286702-1).pdb,105.10072715941432
268_(ef1,ef2)_(MBE7203409-1,WP_233385613-1).pdb,74.92136505211947
269_(ef1,ef2)_(MBE7203409-1,WP_026190475-1).pdb,41.32629712610194
270_(ef1,ef2)_(WP_243969199-1,WP_244536190-1).pdb,109.25488918231005
271_(ef1,ef2)_(WP_243969199-1,TMJ90498-1).pdb,124.75160568203884
272_(ef1,ef2)_(WP_243969199-1,WP_020174296-1).pdb,26.798882187764928
273_(ef1,ef2)_(WP_243969199-1,WP_099908472-1).pdb,88.56641711386455
274_(ef1,ef2)_(WP_243969199-1,WP_184513836-1).pdb,46.33623541719118
275_(ef1,ef2)_(WP_243969199-1,WP_183506314-1).pdb,47.00366825013497
276_(ef1,ef2)_(WP_243969199-1,WP_092036464-1).pdb,88.43597727178268
277_(ef1,ef2)_(WP_243969199-1,MBN9042672-1).pdb,84.54135792540748
278_(ef1,ef2)_(WP_243969199-1,NJM54704-1).pdb,71.96540280446668
279_(ef1,ef2)_(WP_243969199-1,WP_024519214-1).pdb,47.9489943242719
280_(ef1,ef2)_(WP_243969199-1,WP_209296140-1).pdb,104.47416680242866
281_(ef1,ef2)_(WP_243969199-1,WP_122402182-1).pdb,104.47416680242866
282_(ef1,ef2)_(WP_243969199-1,WP_238286702-1).pdb,67.03805649518296
283_(ef1,ef2)_(WP_243969199-1,WP_233385613-1).pdb,48.97785596037977
284_(ef1,ef2)_(WP_243969199-1,WP_026190475-1).pdb,41.68697654074208
285_(ef1,ef2)_(WP_036280395-1,WP_244536190-1).pdb,44.394979023739765
286_(ef1,ef2)_(WP_036280395-1,TMJ90498-1).pdb,61.10709815334032
287_(ef1,ef2)_(WP_036280395-1,WP_020174296-1).pdb,51.78024039709725
288_(ef1,ef2)_(WP_036280395-1,WP_099908472-1).pdb,247.70729644848836
289_(ef1,ef2)_(WP_036280395-1,WP_184513836-1).pdb,65.50766987785362
290_(ef1,ef2)_(WP_036280395-1,WP_183506314-1).pdb,62.510071399458596
291_(ef1,ef2)_(WP_036280395-1,WP_092036464-1).pdb,83.35617103959453
292_(ef1,ef2)_(WP_036280395-1,MBN9042672-1).pdb,69.13135924096999
293_(ef1,ef2)_(WP_036280395-1,NJM54704-1).pdb,479.5081852608957
294_(ef1,ef2)_(WP_036280395-1,WP_024519214-1).pdb,165.71537506784904
295_(ef1,ef2)_(WP_036280395-1,WP_209296140-1).pdb,131.08362145882995
296_(ef1,ef2)_(WP_036280395-1,WP_122402182-1).pdb,131.08362145882995
297_(ef1,ef2)_(WP_036280395-1,WP_238286702-1).pdb,85.74287625310976
298_(ef1,ef2)_(WP_036280395-1,WP_233385613-1).pdb,61.46529487760922
299_(ef1,ef2)_(WP_036280395-1,WP_026190475-1).pdb,887.3319351705449
300_(ef4,ef2)_(WP_024878302-1,WP_244536190-1).pdb,37.27588018669046
301_(ef4,ef2)_(WP_024878302-1,TMJ90498-1).pdb,5.078690122181719
302_(ef4,ef2)_(WP_024878302-1,WP_020174296-1).pdb,-5.464899124001986
303_(ef4,ef2)_(WP_024878302-1,WP_099908472-1).pdb,16.324580123558473
304_(ef4,ef2)_(WP_024878302-1,WP_184513836-1).pdb,-7.597132265165881
305_(ef4,ef2)_(WP_024878302-1,WP_183506314-1).pdb,16.16665325698232
306_(ef4,ef2)_(WP_024878302-1,WP_092036464-1).pdb,34.233147253034836
307_(ef4,ef2)_(WP_024878302-1,MBN9042672-1).pdb,34.93968775292783
308_(ef4,ef2)_(WP_024878302-1,NJM54704-1).pdb,46.263644326098714
309_(ef4,ef2)_(WP_024878302-1,WP_024519214-1).pdb,57.32842058948297
310_(ef4,ef2)_(WP_024878302-1,WP_209296140-1).pdb,1.7068523547706116
311_(ef4,ef2)_(WP_024878302-1,WP_122402182-1).pdb,1.7068523547706116
312_(ef4,ef2)_(WP_024878302-1,WP_238286702-1).pdb,16.090676176253762
313_(ef4,ef2)_(WP_024878302-1,WP_233385613-1).pdb,3.951031039639031
314_(ef4,ef2)_(WP_024878302-1,WP_026190475-1).pdb,32.2017168377666
315_(ef4,ef2)_(WP_064033039-1,WP_244536190-1).pdb,60.9145403189464
316_(ef4,ef2)_(WP_064033039-1,TMJ90498-1).pdb,22.316913939283808
317_(ef4,ef2)_(WP_064033039-1,WP_020174296-1).pdb,21.032125715783806
318_(ef4,ef2)_(WP_064033039-1,WP_099908472-1).pdb,44.16835243864973
319_(ef4,ef2)_(WP_064033039-1,WP_184513836-1).pdb,13.535362274749787
320_(ef4,ef2)_(WP_064033039-1,WP_183506314-1).pdb,27.95098250992961
321_(ef4,ef2)_(WP_064033039-1,WP_092036464-1).pdb,26.377027380239248
322_(ef4,ef2)_(WP_064033039-1,MBN9042672-1).pdb,36.14856893601382
323_(ef4,ef2)_(WP_064033039-1,NJM54704-1).pdb,224.6445669934651
324_(ef4,ef2)_(WP_064033039-1,WP_024519214-1).pdb,67.03121340437727
325_(ef4,ef2)_(WP_064033039-1,WP_209296140-1).pdb,26.889487249221524
326_(ef4,ef2)_(WP_064033039-1,WP_122402182-1).pdb,26.889487249221524
327_(ef4,ef2)_(WP_064033039-1,WP_238286702-1).pdb,31.9615378956591
328_(ef4,ef2)_(WP_064033039-1,WP_233385613-1).pdb,33.380194542809384
329_(ef4,ef2)_(WP_064033039-1,WP_026190475-1).pdb,32.50988486859389
330_(ef4,ef2)_(WP_244027711-1,WP_244536190-1).pdb,101.5634283258556
331_(ef4,ef2)_(WP_244027711-1,TMJ90498-1).pdb,82.05389896106126
332_(ef4,ef2)_(WP_244027711-1,WP_020174296-1).pdb,92.77312171017688
333_(ef4,ef2)_(WP_244027711-1,WP_099908472-1).pdb,122.49071879824831
334_(ef4,ef2)_(WP_244027711-1,WP_184513836-1).pdb,80.06554487563636
335_(ef4,ef2)_(WP_244027711-1,WP_183506314-1).pdb,96.76025969399136
336_(ef4,ef2)_(WP_244027711-1,WP_092036464-1).pdb,116.17178235351321
337_(ef4,ef2)_(WP_244027711-1,MBN9042672-1).pdb,92.89896337429136
338_(ef4,ef2)_(WP_244027711-1,NJM54704-1).pdb,87.54113400227469
339_(ef4,ef2)_(WP_244027711-1,WP_024519214-1).pdb,123.49159337493879
340_(ef4,ef2)_(WP_244027711-1,WP_209296140-1).pdb,75.03496774471782
341_(ef4,ef2)_(WP_244027711-1,WP_122402182-1).pdb,75.03496774471782
342_(ef4,ef2)_(WP_244027711-1,WP_238286702-1).pdb,121.13591334665502
343_(ef4,ef2)_(WP_244027711-1,WP_233385613-1).pdb,85.58541236259583
344_(ef4,ef2)_(WP_244027711-1,WP_026190475-1).pdb,131.20282045611503
345_(ef4,ef2)_(WP_196407746-1,WP_244536190-1).pdb,7.874778252084773
346_(ef4,ef2)_(WP_196407746-1,TMJ90498-1).pdb,4.561810832133478
347_(ef4,ef2)_(WP_196407746-1,WP_020174296-1).pdb,0.6124532177590094
348_(ef4,ef2)_(WP_196407746-1,WP_099908472-1).pdb,18.260852221690673
349_(ef4,ef2)_(WP_196407746-1,WP_184513836-1).pdb,-3.3444693088920463
350_(ef4,ef2)_(WP_196407746-1,WP_183506314-1).pdb,6.742894524990639
351_(ef4,ef2)_(WP_196407746-1,WP_092036464-1).pdb,6.270418726921431
352_(ef4,ef2)_(WP_196407746-1,MBN9042672-1).pdb,46.97789068962244
353_(ef4,ef2)_(WP_196407746-1,NJM54704-1).pdb,17.86760332308939
354_(ef4,ef2)_(WP_196407746-1,WP_024519214-1).pdb,54.60582086732674
355_(ef4,ef2)_(WP_196407746-1,WP_209296140-1).pdb,5.501877941082027
356_(ef4,ef2)_(WP_196407746-1,WP_122402182-1).pdb,5.501877941082027
357_(ef4,ef2)_(WP_196407746-1,WP_238286702-1).pdb,32.86860786486975
358_(ef4,ef2)_(WP_196407746-1,WP_233385613-1).pdb,5.575235973784756
359_(ef4,ef2)_(WP_196407746-1,WP_026190475-1).pdb,27.652687641613767
360_(ef4,ef2)_(WP_018267140-1,WP_244536190-1).pdb,5.271564820195426
361_(ef4,ef2)_(WP_018267140-1,TMJ90498-1).pdb,5.629452205900908
362_(ef4,ef2)_(WP_018267140-1,WP_020174296-1).pdb,5.266508626487937
363_(ef4,ef2)_(WP_018267140-1,WP_099908472-1).pdb,8.506623542398845
364_(ef4,ef2)_(WP_018267140-1,WP_184513836-1).pdb,-5.881622308539176
365_(ef4,ef2)_(WP_018267140-1,WP_183506314-1).pdb,3.3449435566919856
366_(ef4,ef2)_(WP_018267140-1,WP_092036464-1).pdb,4.861332495806471
367_(ef4,ef2)_(WP_018267140-1,MBN9042672-1).pdb,39.00169493745492
368_(ef4,ef2)_(WP_018267140-1,NJM54704-1).pdb,-5.0612783386599105
369_(ef4,ef2)_(WP_018267140-1,WP_024519214-1).pdb,52.41623109501473
370_(ef4,ef2)_(WP_018267140-1,WP_209296140-1).pdb,-0.5625445815079431
371_(ef4,ef2)_(WP_018267140-1,WP_122402182-1).pdb,-0.5625445815079431
372_(ef4,ef2)_(WP_018267140-1,WP_238286702-1).pdb,6.341454152315622
373_(ef4,ef2)_(WP_018267140-1,WP_233385613-1).pdb,8.551750830208453
374_(ef4,ef2)_(WP_018267140-1,WP_026190475-1).pdb,42.86877545813879
375_(ef1,ef3)_(RTL87341-1,MBV9520790-1).pdb,79.45147315737576
376_(ef1,ef3)_(RTL87341-1,WP_048445733-1).pdb,98.80556172181738
377_(ef1,ef3)_(RTL87341-1,WP_147081983-1).pdb,109.9458704333993
378_(ef1,ef3)_(RTL87341-1,WP_091858554-1).pdb,113.4732949101122
379_(ef1,ef3)_(RTL87341-1,WP_147080767-1).pdb,110.60712866597282
380_(ef1,ef3)_(RTL87341-1,MBV9756546-1).pdb,185.74203648142444
381_(ef1,ef3)_(RTL87341-1,WP_012453714-1).pdb,107.16020822376468
382_(ef1,ef3)_(RTL87341-1,MBV8427531-1).pdb,72.34504725914817
383_(ef1,ef3)_(RTL87341-1,WP_003601797-1).pdb,107.16020822376468
384_(ef1,ef3)_(RTL87341-1,WP_026016174-1).pdb,87.04596805691754
385_(ef1,ef3)_(RTL87341-1,WP_074826049-1).pdb,449.7696922300636
386_(ef1,ef3)_(RTL87341-1,MCJ2031403-1).pdb,107.16020822376468
387_(ef1,ef3)_(RTL87341-1,WP_238256066-1).pdb,107.16020822376468
388_(ef1,ef3)_(RTL87341-1,WP_231346494-1).pdb,107.16020822376468
389_(ef1,ef3)_(RTL87341-1,OLB71496-1).pdb,99.29165372044645
390_(ef1,ef3)_(MBI1981207-1,MBV9520790-1).pdb,-9.095467770196079
391_(ef1,ef3)_(MBI1981207-1,WP_048445733-1).pdb,22.386463699880757
392_(ef1,ef3)_(MBI1981207-1,WP_147081983-1).pdb,27.94098784206714
393_(ef1,ef3)_(MBI1981207-1,WP_091858554-1).pdb,15.823185269683893
394_(ef1,ef3)_(MBI1981207-1,WP_147080767-1).pdb,18.145025802161733
395_(ef1,ef3)_(MBI1981207-1,MBV9756546-1).pdb,216.43518854921476
396_(ef1,ef3)_(MBI1981207-1,WP_012453714-1).pdb,23.329581866678573
397_(ef1,ef3)_(MBI1981207-1,MBV8427531-1).pdb,-22.234289608969092
398_(ef1,ef3)_(MBI1981207-1,WP_003601797-1).pdb,23.329581866678573
399_(ef1,ef3)_(MBI1981207-1,WP_026016174-1).pdb,10.312229322730474
400_(ef1,ef3)_(MBI1981207-1,WP_074826049-1).pdb,39.76519153381561
401_(ef1,ef3)_(MBI1981207-1,MCJ2031403-1).pdb,23.329581866678573
402_(ef1,ef3)_(MBI1981207-1,WP_238256066-1).pdb,23.329581866678573
403_(ef1,ef3)_(MBI1981207-1,WP_231346494-1).pdb,23.329581866678573
404_(ef1,ef3)_(MBI1981207-1,OLB71496-1).pdb,18.90819926770627
405_(ef1,ef3)_(MBE7203409-1,MBV9520790-1).pdb,106.58097419870964
406_(ef1,ef3)_(MBE7203409-1,WP_048445733-1).pdb,128.858914773366
407_(ef1,ef3)_(MBE7203409-1,WP_147081983-1).pdb,70.65365389197919
408_(ef1,ef3)_(MBE7203409-1,WP_091858554-1).pdb,74.27894633933472
409_(ef1,ef3)_(MBE7203409-1,WP_147080767-1).pdb,108.08844156131822
410_(ef1,ef3)_(MBE7203409-1,MBV9756546-1).pdb,292.12153054822033
411_(ef1,ef3)_(MBE7203409-1,WP_012453714-1).pdb,121.42320436941151
412_(ef1,ef3)_(MBE7203409-1,MBV8427531-1).pdb,190.18228352020907
413_(ef1,ef3)_(MBE7203409-1,WP_003601797-1).pdb,121.42320436941151
414_(ef1,ef3)_(MBE7203409-1,WP_026016174-1).pdb,41.298669281291765
415_(ef1,ef3)_(MBE7203409-1,WP_074826049-1).pdb,176.11339436161353
416_(ef1,ef3)_(MBE7203409-1,MCJ2031403-1).pdb,121.42320436941151
417_(ef1,ef3)_(MBE7203409-1,WP_238256066-1).pdb,121.42320436941151
418_(ef1,ef3)_(MBE7203409-1,WP_231346494-1).pdb,121.42320436941151
419_(ef1,ef3)_(MBE7203409-1,OLB71496-1).pdb,139.0378241639564
420_(ef1,ef3)_(WP_243969199-1,MBV9520790-1).pdb,118.8122929169742
421_(ef1,ef3)_(WP_243969199-1,WP_048445733-1).pdb,123.42977998629082
422_(ef1,ef3)_(WP_243969199-1,WP_147081983-1).pdb,63.33341707816259
423_(ef1,ef3)_(WP_243969199-1,WP_091858554-1).pdb,58.94592486485132
424_(ef1,ef3)_(WP_243969199-1,WP_147080767-1).pdb,101.63635514928752
425_(ef1,ef3)_(WP_243969199-1,MBV9756546-1).pdb,228.3373080791733
426_(ef1,ef3)_(WP_243969199-1,WP_012453714-1).pdb,116.03481239659318
427_(ef1,ef3)_(WP_243969199-1,MBV8427531-1).pdb,158.4250723407047
429_(ef1,ef3)_(WP_243969199-1,WP_026016174-1).pdb,48.794082529461804
430_(ef1,ef3)_(WP_243969199-1,WP_074826049-1).pdb,111.06986217538032
431_(ef1,ef3)_(WP_243969199-1,MCJ2031403-1).pdb,116.03481239659318
432_(ef1,ef3)_(WP_243969199-1,WP_238256066-1).pdb,116.03481239659318
433_(ef1,ef3)_(WP_243969199-1,WP_231346494-1).pdb,116.03481239659318
434_(ef1,ef3)_(WP_243969199-1,OLB71496-1).pdb,129.7016888077724
435_(ef1,ef3)_(WP_036280395-1,MBV9520790-1).pdb,69.83773823850103
436_(ef1,ef3)_(WP_036280395-1,WP_048445733-1).pdb,88.4364263636402
437_(ef1,ef3)_(WP_036280395-1,WP_147081983-1).pdb,72.29663910988529
438_(ef1,ef3)_(WP_036280395-1,WP_091858554-1).pdb,98.76415980077313
439_(ef1,ef3)_(WP_036280395-1,WP_147080767-1).pdb,83.70254891662691
440_(ef1,ef3)_(WP_036280395-1,MBV9756546-1).pdb,210.96956745818062
441_(ef1,ef3)_(WP_036280395-1,WP_012453714-1).pdb,129.724438756691
442_(ef1,ef3)_(WP_036280395-1,MBV8427531-1).pdb,69.01025908732653
443_(ef1,ef3)_(WP_036280395-1,WP_003601797-1).pdb,129.724438756691
444_(ef1,ef3)_(WP_036280395-1,WP_026016174-1).pdb,65.77576789349665
445_(ef1,ef3)_(WP_036280395-1,WP_074826049-1).pdb,262.4759346540722
446_(ef1,ef3)_(WP_036280395-1,MCJ2031403-1).pdb,129.724438756691
447_(ef1,ef3)_(WP_036280395-1,WP_238256066-1).pdb,129.724438756691
448_(ef1,ef3)_(WP_036280395-1,WP_231346494-1).pdb,129.724438756691
449_(ef1,ef3)_(WP_036280395-1,OLB71496-1).pdb,72.41821709414661
450_(ef4,ef3)_(WP_024878302-1,MBV9520790-1).pdb,0.1994864234932141
451_(ef4,ef3)_(WP_024878302-1,WP_048445733-1).pdb,32.98000085344268
452_(ef4,ef3)_(WP_024878302-1,WP_147081983-1).pdb,37.77697669789669
453_(ef4,ef3)_(WP_024878302-1,WP_091858554-1).pdb,52.96754522691439
454_(ef4,ef3)_(WP_024878302-1,WP_147080767-1).pdb,30.618060024366372
455_(ef4,ef3)_(WP_024878302-1,MBV9756546-1).pdb,238.2434925945525
456_(ef4,ef3)_(WP_024878302-1,WP_012453714-1).pdb,33.099347044918176
457_(ef4,ef3)_(WP_024878302-1,MBV8427531-1).pdb,22.357055201099325
458_(ef4,ef3)_(WP_024878302-1,WP_003601797-1).pdb,33.099347044918176
459_(ef4,ef3)_(WP_024878302-1,WP_026016174-1).pdb,28.53955986996526
460_(ef4,ef3)_(WP_024878302-1,WP_074826049-1).pdb,153.7992025529633
461_(ef4,ef3)_(WP_024878302-1,MCJ2031403-1).pdb,33.099347044918176
462_(ef4,ef3)_(WP_024878302-1,WP_238256066-1).pdb,33.099347044918176
463_(ef4,ef3)_(WP_024878302-1,WP_231346494-1).pdb,33.099347044918176
464_(ef4,ef3)_(WP_024878302-1,OLB71496-1).pdb,28.408539563595134
465_(ef4,ef3)_(WP_064033039-1,MBV9520790-1).pdb,178.0755631638096
466_(ef4,ef3)_(WP_064033039-1,WP_048445733-1).pdb,45.432041064187175
467_(ef4,ef3)_(WP_064033039-1,WP_147081983-1).pdb,51.27082790988753
468_(ef4,ef3)_(WP_064033039-1,WP_091858554-1).pdb,64.31268231689653
469_(ef4,ef3)_(WP_064033039-1,WP_147080767-1).pdb,38.57027811897477
470_(ef4,ef3)_(WP_064033039-1,MBV9756546-1).pdb,337.5973953177298
471_(ef4,ef3)_(WP_064033039-1,WP_012453714-1).pdb,50.188416456331105
472_(ef4,ef3)_(WP_064033039-1,MBV8427531-1).pdb,31.75069875497581
473_(ef4,ef3)_(WP_064033039-1,WP_003601797-1).pdb,50.188416456331105
474_(ef4,ef3)_(WP_064033039-1,WP_026016174-1).pdb,103.77174042426
475_(ef4,ef3)_(WP_064033039-1,WP_074826049-1).pdb,86.06823085064907
476_(ef4,ef3)_(WP_064033039-1,MCJ2031403-1).pdb,50.188416456331105
477_(ef4,ef3)_(WP_064033039-1,WP_238256066-1).pdb,50.188416456331105
478_(ef4,ef3)_(WP_064033039-1,WP_231346494-1).pdb,50.188416456331105
479_(ef4,ef3)_(WP_064033039-1,OLB71496-1).pdb,38.05366545289605
480_(ef4,ef3)_(WP_244027711-1,MBV9520790-1).pdb,116.67006051888518
481_(ef4,ef3)_(WP_244027711-1,WP_048445733-1).pdb,98.86576737584025
482_(ef4,ef3)_(WP_244027711-1,WP_147081983-1).pdb,150.1454447823406
483_(ef4,ef3)_(WP_244027711-1,WP_091858554-1).pdb,108.52719754198095
484_(ef4,ef3)_(WP_244027711-1,WP_147080767-1).pdb,95.46390566156228
485_(ef4,ef3)_(WP_244027711-1,MBV9756546-1).pdb,266.8809409349871
486_(ef4,ef3)_(WP_244027711-1,WP_012453714-1).pdb,131.1640399130239
487_(ef4,ef3)_(WP_244027711-1,MBV8427531-1).pdb,71.54592125323946
488_(ef4,ef3)_(WP_244027711-1,WP_003601797-1).pdb,131.1640399130239
489_(ef4,ef3)_(WP_244027711-1,WP_026016174-1).pdb,128.4161023236064
490_(ef4,ef3)_(WP_244027711-1,WP_074826049-1).pdb,183.01166166416806
491_(ef4,ef3)_(WP_244027711-1,MCJ2031403-1).pdb,131.1640399130239
492_(ef4,ef3)_(WP_244027711-1,WP_238256066-1).pdb,131.1640399130239
493_(ef4,ef3)_(WP_244027711-1,WP_231346494-1).pdb,131.1640399130239
494_(ef4,ef3)_(WP_244027711-1,OLB71496-1).pdb,95.99060572918178
495_(ef4,ef3)_(WP_196407746-1,MBV9520790-1).pdb,19.796483310146165
496_(ef4,ef3)_(WP_196407746-1,WP_048445733-1).pdb,31.072024672755486
497_(ef4,ef3)_(WP_196407746-1,WP_147081983-1).pdb,37.935937035285924
498_(ef4,ef3)_(WP_196407746-1,WP_091858554-1).pdb,56.57574670163734
499_(ef4,ef3)_(WP_196407746-1,WP_147080767-1).pdb,32.514221918794334
500_(ef4,ef3)_(WP_196407746-1,MBV9756546-1).pdb,304.68398237132686
501_(ef4,ef3)_(WP_196407746-1,WP_012453714-1).pdb,80.8783205046133
502_(ef4,ef3)_(WP_196407746-1,MBV8427531-1).pdb,22.651894318168612
503_(ef4,ef3)_(WP_196407746-1,WP_003601797-1).pdb,80.8783205046133
504_(ef4,ef3)_(WP_196407746-1,WP_026016174-1).pdb,31.447459520437246
505_(ef4,ef3)_(WP_196407746-1,WP_074826049-1).pdb,42.9901228650149
506_(ef4,ef3)_(WP_196407746-1,MCJ2031403-1).pdb,80.8783205046133
507_(ef4,ef3)_(WP_196407746-1,WP_238256066-1).pdb,80.8783205046133
508_(ef4,ef3)_(WP_196407746-1,WP_231346494-1).pdb,80.8783205046133
509_(ef4,ef3)_(WP_196407746-1,OLB71496-1).pdb,29.49583373429331
510_(ef4,ef3)_(WP_018267140-1,MBV9520790-1).pdb,37.89315908578924
511_(ef4,ef3)_(WP_018267140-1,WP_048445733-1).pdb,27.807479145988797
512_(ef4,ef3)_(WP_018267140-1,WP_147081983-1).pdb,51.9881075199273
513_(ef4,ef3)_(WP_018267140-1,WP_091858554-1).pdb,51.649083258331146
514_(ef4,ef3)_(WP_018267140-1,WP_147080767-1).pdb,30.7795360194195
515_(ef4,ef3)_(WP_018267140-1,MBV9756546-1).pdb,299.9688747556418
516_(ef4,ef3)_(WP_018267140-1,WP_012453714-1).pdb,80.44445604057995
517_(ef4,ef3)_(WP_018267140-1,MBV8427531-1).pdb,21.048530303569038
518_(ef4,ef3)_(WP_018267140-1,WP_003601797-1).pdb,80.44445604057995
519_(ef4,ef3)_(WP_018267140-1,WP_026016174-1).pdb,30.482328062135572
520_(ef4,ef3)_(WP_018267140-1,WP_074826049-1).pdb,32.36421010731503
521_(ef4,ef3)_(WP_018267140-1,MCJ2031403-1).pdb,56.318270469409406
522_(ef4,ef3)_(WP_018267140-1,WP_238256066-1).pdb,56.318270469409406
523_(ef4,ef3)_(WP_018267140-1,WP_231346494-1).pdb,56.318270469409406
524_(ef4,ef3)_(WP_018267140-1,OLB71496-1).pdb,29.718353628744794
